Journal	Date	PMID	First_Author	Title
Nat Genet	2009-10-11	19862010	Ganesh SK	Multiple loci influence erythrocyte phenotypes in the CHARGE Consortium.
Nat Genet	2016-10-03	27694959	Bonder MJ	The effect of host genetics on the gut microbiome.
Nat Genet	2011-11-13	22081228	Khor CC	Genome-wide association study identifies FCGR2A as a susceptibility locus for Kawasaki disease.
Nat Genet	2014-10-26	25344690	Feenstra B	Common variants associated with general and MMR vaccine-related febrile seizures.
Nat Genet	2010-04-06	20372150	Freathy RM	Variants in ADCY5 and near CCNL1 are associated with fetal growth and birth weight.
Nat Genet	2008-08-17	18711365	Ferreira MA	Collaborative genome-wide association analysis supports a role for ANK3 and CACNA1C in bipolar disorder.
Nat Genet	2010-08-22	20729852	Abnet CC	A shared susceptibility locus in PLCE1 at 10q23 for gastric adenocarcinoma and esophageal squamous cell carcinoma.
Nat Genet	2012-01-29	22286219	Kettunen J	Genome-wide association study identifies multiple loci influencing human serum metabolite levels.
Nat Genet	2008-01-13	18193045	Sanna S	Common variants in the GDF5-UQCC region are associated with variation in human height.
Nat Genet	2010-05-09	20453841	Kochi Y	A regulatory variant in CCR6 is associated with rheumatoid arthritis susceptibility.
Nat Genet	2018-10-29	30374069	Styrkarsdottir U	Meta-analysis of Icelandic and UK data sets identifies missense variants in SMO, IL11, COL11A1 and 13 more new loci associated with osteoarthritis.
Nat Genet	2010-09-26	20871597	Miki D	Variation in TP63 is associated with lung adenocarcinoma susceptibility in Japanese and Korean populations.
Nat Genet	2012-02-05	22306650	Thye T	Common variants at 11p13 are associated with susceptibility to tuberculosis.
Nat Genet	2010-11-21	21102462	Elks CE	Thirty new loci for age at menarche identified by a meta-analysis of genome-wide association studies.
Nat Genet	2013-01-06	23291589	Lu Y	Genome-wide association analyses identify multiple loci associated with central corneal thickness and keratoconus.
Nat Genet	2013-04-01	23535730	Pharoah PD	GWAS meta-analysis and replication identifies three new susceptibility loci for ovarian cancer.
Nat Genet	2010-02-21	20173747	Ellinor PT	Common variants in KCNN3 are associated with lone atrial fibrillation.
Nat Genet	2008-05-18	18488026	Brown KM	Common sequence variants on 20q11.22 confer melanoma susceptibility.
Nat Genet	2006-04-30	16648850	Arking DE	A common genetic variant in the NOS1 regulator NOS1AP modulates cardiac repolarization.
Nat Genet	2008-02-10	18264097	Eeles RA	Multiple newly identified loci associated with prostate cancer susceptibility.
Nat Genet	2009-01-18	19151717	Rafnar T	Sequence variants at the TERT-CLPTM1L locus associate with many cancer types.
Nat Genet	2014-10-05	25282103	Wood AR	Defining the role of common variation in the genomic and biological architecture of adult human height.
Nat Genet	2012-09-30	23023329	Xu J	Genome-wide association study in Chinese men identifies two new prostate cancer risk loci at 9q31.2 and 19q13.4.
Nat Genet	2011-10-30	22037555	Shi Y	Common variants on 8p12 and 1q24.2 confer risk of schizophrenia.
Nat Genet	2009-06-28	19561606	Thorleifsson G	Sequence variants in the CLDN14 gene associate with kidney stones and bone mineral density.
Nat Genet	2011-03-06	21378986	Wang F	Genome-wide association identifies a susceptibility locus for coronary artery disease in the Chinese Han population.
Nat Genet	2012-01-22	22267200	Gudmundsson J	Discovery of common variants associated with low TSH levels and thyroid cancer risk.
Nat Genet	2008-11-02	18978787	Wang Y	Common 5p15.33 and 6p21.33 variants influence lung cancer risk.
Nat Genet	2016-03-14	26974007	Ellinghaus D	Analysis of five chronic inflammatory diseases identifies 27 new associations and highlights disease-specific patterns at shared loci.
Nat Genet	2013-06-30	23817571	Bonnelykke K	Meta-analysis of genome-wide association studies identifies ten loci influencing allergic sensitization.
Nat Genet	2017-02-27	28250457	Scerri TS	Genome-wide analyses identify common variants associated with macular telangiectasia type 2.
Nat Genet	2009-02-08	19198611	Tregouet DA	Genome-wide haplotype association study identifies the SLC22A3-LPAL2-LPA gene cluster as a risk locus for coronary artery disease.
Nat Genet	2012-10-07	23042114	Hirota T	Genome-wide association study identifies eight new susceptibility loci for atopic dermatitis in the Japanese population.
Nat Genet	2009-05-31	19483681	Rapley EA	A genome-wide association study of testicular germ cell tumor.
Nat Genet	2013-04-28	23624525	Deng M	Genome-wide association analyses in Han Chinese identify two new susceptibility loci for amyotrophic lateral sclerosis.
Nat Genet	2012-04-15	22504418	Ikram MA	Common variants at 6q22 and 17q21 are associated with intracranial volume.
Nat Genet	2012-02-19	22344219	Wen W	Meta-analysis identifies common variants associated with body mass index in east Asians.
Nat Genet	2008-08-17	18711366	Unoki H	SNPs in KCNQ1 are associated with susceptibility to type 2 diabetes in East Asian and European populations.
Nat Genet	2013-05-26	23708191	Cordell HJ	Genome-wide association study of multiple congenital heart disease phenotypes identifies a susceptibility locus for atrial septal defect at chromosome 4p16.
Nat Genet	2012-07-15	22797727	Okada Y	Meta-analysis identifies multiple loci associated with kidney function-related traits in east Asian populations.
Nat Genet	2011-04-17	21499248	Kumar V	Genome-wide association study identifies a susceptibility locus for HCV-induced hepatocellular carcinoma.
Nat Genet	2016-10-01	27618447	Surendran P	Trans-ancestry meta-analyses identify rare and common variants associated with blood pressure and hypertension.
Nat Genet	2011-05-15	21572416	Kato N	Meta-analysis of genome-wide association studies identifies common variants associated with blood pressure variation in east Asians.
Nat Genet	2012-03-25	22446963	Okada Y	Meta-analysis identifies nine new loci associated with rheumatoid arthritis in the Japanese population.
Nat Genet	2012-04-15	22504417	Stein JL	Identification of common variants associated with human hippocampal and intracranial volumes.
Nat Genet	2011-05-22	21602797	Wright FA	Genome-wide association and linkage identify modifier loci of lung disease severity in cystic fibrosis at 11p13 and 20q13.2.
Nat Genet	2011-04-03	21460840	Hollingworth P	Common variants at ABCA7, MS4A6A/MS4A4E, EPHA1, CD33 and CD2AP are associated with Alzheimer's disease.
Nat Genet	2010-10-17	20953189	Stuart PE	Genome-wide association analysis identifies three psoriasis susceptibility loci.
Nat Genet	2009-09-20	19767753	Eeles RA	Identification of seven new prostate cancer susceptibility loci through a genome-wide association study.
Nat Genet	2009-05-31	19483682	Kanetsky PA	Common variation in KITLG and at 5q31.3 predisposes to testicular germ cell cancer.
Nat Genet	2007-11-04	17982456	Plenge RM	Two independent alleles at 6q23 associated with risk of rheumatoid arthritis.
Nat Genet	2013-10-27	24162738	Hu Z	New loci associated with chronic hepatitis B virus infection in Han Chinese.
Nat Genet	2021-04-22	33888907	Shelton JF	Trans-ancestry analysis reveals genetic and nongenetic associations with COVID-19 susceptibility and severity.
Nat Genet	2008-08-31	18758461	Di Bernardo MC	A genome-wide association study identifies six susceptibility loci for chronic lymphocytic leukemia.
Nat Genet	2008-09-07	18776911	Hazra A	Common variants of FUT2 are associated with plasma vitamin B12 levels.
Nat Genet	2014-08-31	25173106	Hysi PG	Genome-wide analysis of multi-ancestry cohorts identifies new loci influencing intraocular pressure and susceptibility to glaucoma.
Nat Genet	2013-05-05	23644492	Wu C	Genome-wide association study identifies common variants in SLC39A6 associated with length of survival in esophageal squamous-cell carcinoma.
Nat Genet	2009-09-06	19734901	van Es MA	Genome-wide association study identifies 19p13.3 (UNC13A) and 9p21.2 as susceptibility loci for sporadic amyotrophic lateral sclerosis.
Nat Genet	2012-03-25	22446962	Onouchi Y	A genome-wide association study identifies three new risk loci for Kawasaki disease.
Nat Genet	2008-11-09	18997786	Bilguvar K	Susceptibility loci for intracranial aneurysm in European and Japanese populations.
Nat Genet	2018-05-28	29808027	Tedja MS	Genome-wide association meta-analysis highlights light-induced signaling as a driver for refractive error.
Nat Genet	2013-05-12	23666240	Ruark E	Identification of nine new susceptibility loci for testicular cancer, including variants near DAZL and PRDM14.
Nat Genet	2009-05-17	19448620	Perry JR	Meta-analysis of genome-wide association data identifies two loci influencing age at menarche.
Nat Genet	2009-08-02	19648918	Amundadottir L	Genome-wide association study identifies variants in the ABO locus associated with susceptibility to pancreatic cancer.
Nat Genet	2009-01-18	19151714	Meyre D	Genome-wide association study for early-onset and morbid adult obesity identifies three new risk loci in European populations.
Nat Genet	2010-10-17	20953188	Ellinghaus E	Genome-wide association study identifies a psoriasis susceptibility locus at TRAF3IP2.
Nat Genet	2009-04-26	19396169	Cho YS	A large-scale genome-wide association study of Asian populations uncovers genetic factors influencing eight quantitative traits.
Nat Genet	2010-07-18	20639881	Conde L	Genome-wide association study of follicular lymphoma identifies a risk locus at 6p21.32.
Nat Genet	2007-10-21	17952075	Sulem P	Genetic determinants of hair, eye and skin pigmentation in Europeans.
Nat Genet	2011-10-02	21964575	Rafnar T	Mutations in BRIP1 confer high risk of ovarian cancer.
Nat Genet	2015-06-15	26075790	Kelemen LE	Genome-wide significant risk associations for mucinous ovarian carcinoma.
Nat Genet	2008-03-02	18311140	Hunt KA	Newly identified genetic risk variants for celiac disease related to the immune response.
Nat Genet	2015-06-22	26098866	Helgason H	Loss-of-function variants in ATM confer risk of gastric cancer.
Nat Genet	2018-07-16	30013184	Waage J	Genome-wide association and HLA fine-mapping studies identify risk loci and genetic pathways underlying allergic rhinitis.
Nat Genet	2010-04-25	20418888	Thorgeirsson TE	Sequence variants at CHRNB3-CHRNA6 and CYP2A6 affect smoking behavior.
Nat Genet	2014-09-14	25217961	Al Olama AA	A meta-analysis of 87,040 individuals identifies 23 new susceptibility loci for prostate cancer.
Nat Genet	2011-03-13	21399635	Mells GF	Genome-wide association study identifies 12 new susceptibility loci for primary biliary cirrhosis.
Nat Genet	2009-01-04	19122664	Silverberg MS	Ulcerative colitis-risk loci on chromosomes 1p36 and 12q15 found by genome-wide association study.
Nat Genet	2007-09-02	17767157	Weedon MN	A common variant of HMGA2 is associated with adult and childhood height in the general population.
Nat Genet	2008-04-06	18391952	Weedon MN	Genome-wide association analysis identifies 20 loci that influence adult height.
Nat Genet	2011-09-11	21909107	LeMaire SA	Genome-wide association study identifies a susceptibility locus for thoracic aortic aneurysms and aortic dissections spanning FBN1 at 15q21.1.
Nat Genet	2017-09-04	28869590	Zhao W	Identification of new susceptibility loci for type 2 diabetes and shared etiological pathways with coronary heart disease.
Nat Genet	2009-03-22	19305408	Newton-Cheh C	Common variants at ten loci influence QT interval duration in the QTGEN Study.
Nat Genet	2009-07-13	19597492	Benjamin EJ	Variants in ZFHX3 are associated with atrial fibrillation in individuals of European ancestry.
Nat Genet	2009-12-20	20023658	Mangold E	Genome-wide association study identifies two susceptibility loci for nonsyndromic cleft lip with or without cleft palate.
Nat Genet	2009-10-11	19820697	Soranzo N	A genome-wide meta-analysis identifies 22 loci associated with eight hematological parameters in the HaemGen consortium.
Nat Genet	2010-09-05	20818381	Yamauchi T	A genome-wide association study in the Japanese population identifies susceptibility loci for type 2 diabetes at UBE2E2 and C2CD4A-C2CD4B.
Nat Genet	2011-05-29	21623375	Albagha OM	Genome-wide association identifies three new susceptibility loci for Paget's disease of bone.
Nat Genet	2010-02-07	20139977	Codd V	Common variants near TERC are associated with mean telomere length.
Nat Genet	2010-12-12	21151128	Chen ZJ	Genome-wide association study identifies susceptibility loci for polycystic ovary syndrome on chromosome 2p16.3, 2p21 and 9q33.3.
Nat Genet	2009-10-11	19820699	Benyamin B	Common variants in TMPRSS6 are associated with iron status and erythrocyte volume.
Nat Genet	2009-08-02	19648920	Wu X	Genetic variation in the prostate stem cell antigen gene PSCA confers susceptibility to urinary bladder cancer.
Nat Genet	2007-07-15	17632509	Buch S	A genome-wide association scan identifies the hepatic cholesterol transporter ABCG8 as a susceptibility factor for human gallstone disease.
Nat Genet	2019-02-25	30804561	Sakornsakolpat P	Genetic landscape of chronic obstructive pulmonary disease identifies heterogeneous cell-type and phenotype associations.
Nat Genet	2015-10-19	26482880	Buch S	A genome-wide association study confirms PNPLA3 and identifies TM6SF2 and MBOAT7 as risk loci for alcohol-related cirrhosis.
Nat Genet	2011-09-25	21946350	Soler Artigas M	Genome-wide association and large-scale follow up identifies 16 new loci influencing lung function.
Nat Genet	2017-02-06	28166213	Wain LV	Genome-wide association analyses for lung function and chronic obstructive pulmonary disease identify new loci and potential druggable targets.
Nat Genet	2017-01-09	28067910	Luo Y	Exploring the genetic architecture of inflammatory bowel disease by whole-genome sequencing identifies association at ADCY7.
Nat Genet	2013-05-12	23666239	Chung CC	Meta-analysis identifies four new loci associated with testicular germ cell tumor.
Nat Genet	2016-07-25	27455349	Minster RL	A thrifty variant in CREBRF strongly influences body mass index in Samoans.
Nat Genet	2010-09-19	20852632	Goode EL	A genome-wide association study identifies susceptibility loci for ovarian cancer at 2q31 and 8q24.
Nat Genet	2009-08-16	19684603	Trevino LR	Germline genomic variants associated with childhood acute lymphoblastic leukemia.
Nat Genet	2009-09-13	19749757	Tanaka Y	Genome-wide association of IL28B with response to pegylated interferon-alpha and ribavirin therapy for chronic hepatitis C.
Nat Genet	2008-05-04	18454146	Chambers JC	Common genetic variation near MC4R is associated with waist circumference and insulin resistance.
Nat Genet	2013-06-09	23749188	Tan DE	Genome-wide association study of B cell non-Hodgkin lymphoma identifies 3q27 as a susceptibility locus in the Chinese population.
Nat Genet	2013-10-06	24097066	Li Y	A genome-wide association study in Han Chinese identifies a susceptibility locus for primary Sjögren's syndrome at 7q11.23.
Nat Genet	2012-10-28	23104005	Gudmundsson J	A study based on whole-genome sequencing yields a rare variant at 8q24 associated with prostate cancer.
Nat Genet	2008-03-30	18372905	Tomlinson IP	A genome-wide association study identifies colorectal cancer susceptibility loci on chromosomes 10p14 and 8q23.3.
Nat Genet	2017-09-11	28892059	Chang D	A meta-analysis of genome-wide association studies identifies 17 new Parkinson's disease risk loci.
Nat Genet	2012-02-05	22306652	Bellenguez C	Genome-wide association study identifies a variant in HDAC9 associated with large vessel ischemic stroke.
Nat Genet	2008-11-09	18997785	Aulchenko YS	Genetic variation in the KIF1B locus influences susceptibility to multiple sclerosis.
Nat Genet	2009-09-06	19734900	Rung J	Genetic variant near IRS1 is associated with type 2 diabetes, insulin resistance and hyperinsulinemia.
Nat Genet	2012-04-15	22504421	Bis JC	Common variants at 12q14 and 12q24 are associated with hippocampal volume.
Nat Genet	2019-05-01	31043756	Stahl EA	Genome-wide association study identifies 30 loci associated with bipolar disorder.
Nat Genet	2013-06-02	23727859	Ellinghaus D	High-density genotyping study identifies four new susceptibility loci for atopic dermatitis.
Nat Genet	2013-03-17	23502783	Weinhold N	The CCND1 c.870G&gt;A polymorphism is a risk factor for t(11;14)(q13;q32) multiple myeloma.
Nat Genet	2009-07-05	19578364	Bishop DT	Genome-wide association study identifies three loci associated with melanoma risk.
Nat Genet	2014-08-03	25086665	Wolpin BM	Genome-wide association study identifies multiple susceptibility loci for pancreatic cancer.
Nat Genet	2009-05-10	19430482	Kottgen A	Multiple loci associated with indices of renal function and chronic kidney disease.
Nat Genet	2008-08-17	18711367	Yasuda K	Variants in KCNQ1 are associated with susceptibility to type 2 diabetes mellitus.
Nat Genet	2012-12-23	23263489	Huyghe JR	Exome array analysis identifies new loci and low-frequency variants influencing insulin processing and secretion.
Nat Genet	2011-11-27	22120009	Broderick P	Common variation at 3p22.1 and 7p15.3 influences multiple myeloma risk.
Nat Genet	2011-06-26	21706003	Kilpelainen TO	Genetic variation near IRS1 associates with reduced adiposity and an impaired metabolic profile.
Nat Genet	2013-04-01	23535734	Codd V	Identification of seven loci affecting mean telomere length and their association with disease.
Nat Genet	2008-12-14	19079260	Thorleifsson G	Genome-wide association yields new sequence variants at seven loci that associate with measures of obesity.
Nat Genet	2019-05-01	31043758	Warrington NM	Maternal and fetal genetic effects on birth weight and their relevance to cardio-metabolic risk factors.
Nat Genet	2010-03-28	20348956	Kiemeney LA	A sequence variant at 4p16.3 confers susceptibility to urinary bladder cancer.
Nat Genet	2020-06-08	32514122	Ishigaki K	Large-scale genome-wide association study in a Japanese population identifies novel susceptibility loci across different diseases.
Nat Genet	2015-02-09	25665007	Xu H	Common variants in ACYP2 influence susceptibility to cisplatin-induced hearing loss.
Nat Genet	2017-02-06	28166215	Hobbs BD	Genetic loci associated with chronic obstructive pulmonary disease overlap with loci for lung function and pulmonary fibrosis.
Nat Genet	2009-06-07	19503088	Gregersen PK	REL, encoding a member of the NF-kappaB family of transcription factors, is a newly defined risk locus for rheumatoid arthritis.
Nat Genet	2011-03-06	21378987	Holm H	A rare variant in MYH6 is associated with high risk of sick sinus syndrome.
Nat Genet	2009-07-13	19597491	Gudbjartsson DF	A sequence variant in ZFHX3 on 16q22 associates with atrial fibrillation and ischemic stroke.
Nat Genet	2008-12-14	19079261	Willer CJ	Six new loci associated with body mass index highlight a neuronal influence on body weight regulation.
Nat Genet	2008-01-20	18204447	Kozyrev SV	Functional variants in the B-cell gene BANK1 are associated with systemic lupus erythematosus.
Nat Genet	2016-04-11	27064253	Zhou W	Mosaic loss of chromosome Y is associated with common variation near TCL1A.
Nat Genet	2007-07-18	17637780	Winkelmann J	Genome-wide association study of restless legs syndrome identifies common variants in three genomic regions.
Nat Genet	2012-01-22	22267201	Stolk L	Meta-analyses identify 13 loci associated with age at menopause and highlight DNA repair and immune pathways.
Nat Genet	2008-11-02	18978790	McKay JD	Lung cancer susceptibility locus at 5p15.33.
Nat Genet	2009-09-06	19734903	Lambert JC	Genome-wide association study identifies variants at CLU and CR1 associated with Alzheimer's disease.
Nat Genet	2008-03-30	18372903	Zeggini E	Meta-analysis of genome-wide association data and large-scale replication identifies additional susceptibility loci for type 2 diabetes.
Nat Genet	2016-05-02	27135401	Cheng TH	Five endometrial cancer risk loci identified through genome-wide association analysis.
Nat Genet	2021-05-17	34002096	Mullins N	Genome-wide association study of more than 40,000 bipolar disorder cases provides new insights into the underlying biology.
Nat Genet	2016-10-31	27798624	Eppinga RN	Identification of genomic loci associated with resting heart rate and shared genetic predictors with all-cause mortality.
Nat Genet	2010-06-13	20543847	Turnbull C	Variants near DMRT1, TERT and ATF7IP are associated with testicular germ cell cancer.
Nat Genet	2018-10-01	30275531	Klarin D	Genetics of blood lipids among ~300,000 multi-ethnic participants of the Million Veteran Program.
Nat Genet	2009-12-27	20037589	Illig T	A genome-wide perspective of genetic variation in human metabolism.
Nat Genet	2016-06-20	27322543	Gormley P	Meta-analysis of 375,000 individuals identifies 38 susceptibility loci for migraine.
Nat Genet	2008-04-03	18385676	Amos CI	Genome-wide association scan of tag SNPs identifies a susceptibility locus for lung cancer at 15q25.1.
Nat Genet	2011-07-03	21725308	Hu Z	A genome-wide association study identifies two new lung cancer susceptibility loci at 13q12.12 and 22q12.2 in Han Chinese.
Nat Genet	2010-12-26	21186350	Zhou K	Common variants near ATM are associated with glycemic response to metformin in type 2 diabetes.
Nat Genet	2008-02-10	18264096	Thomas G	Multiple loci identified in a genome-wide association study of prostate cancer.
Nat Genet	2013-06-30	23817570	Shi Y	A genome-wide association study identifies two new cervical cancer susceptibility loci at 4q12 and 17q12.
Nat Genet	2009-11-15	19915576	Satake W	Genome-wide association study identifies common variants at four loci as genetic risk factors for Parkinson's disease.
Nat Genet	2021-05-06	33958783	Liu G	Genome-wide survival study identifies a novel synaptic locus and polygenic score for cognitive progression in Parkinson's disease.
Nat Genet	2014-09-28	25261932	Cerhan JR	Genome-wide association study identifies multiple susceptibility loci for diffuse large B cell lymphoma.
Nat Genet	2012-02-05	22306654	Feenstra B	Common variants near MBNL1 and NKX2-5 are associated with infantile hypertrophic pyloric stenosis.
Nat Genet	2008-10-12	18849994	Hillmer AM	Susceptibility variants for male-pattern baldness on chromosome 20p11.
Nat Genet	2019-02-25	30804565	Jansen PR	Genome-wide analysis of insomnia in 1,331,010 individuals identifies new risk loci and functional pathways.
Nat Genet	2012-12-16	23242368	Jiang DK	Genetic variants in STAT4 and HLA-DQ genes confer risk of hepatitis B virus-related hepatocellular carcinoma.
Nat Genet	2016-12-05	27918536	Lo MT	Genome-wide analyses for personality traits identify six genomic loci and show correlations with psychiatric disorders.
Nat Genet	2011-09-11	21909110	Wain LV	Genome-wide association study identifies six new loci influencing pulse pressure and mean arterial pressure.
Nat Genet	2009-03-22	19305409	Pfeufer A	Common variants at ten loci modulate the QT interval duration in the QTSCD Study.
Nat Genet	2014-06-08	24908248	Walsh KM	Variants near TERT and TERC influencing telomere length are associated with high-grade glioma risk.
Nat Genet	2016-12-19	27992416	Lane JM	Genome-wide association analyses of sleep disturbance traits identify new loci and highlight shared genetics with neuropsychiatric and metabolic traits.
Nat Genet	2010-08-15	20711176	Nakashima M	A genome-wide association study identifies four susceptibility loci for keloid in the Japanese population.
Nat Genet	2017-10-23	29058716	Milne RL	Identification of ten variants associated with risk of estrogen-receptor-negative breast cancer.
Nat Genet	2011-10-30	22037552	Yue WH	Genome-wide association study identifies a susceptibility locus for schizophrenia in Han Chinese at 11p11.2.
Nat Genet	2011-04-03	21460842	Cha PC	A genome-wide association study identifies three loci associated with susceptibility to uterine fibroids.
Nat Genet	2008-03-09	18327257	Vitart V	SLC2A9 is a newly identified urate transporter influencing serum urate concentration, urate excretion and gout.
Nat Genet	2013-06-30	23817569	Hinds DA	A genome-wide association meta-analysis of self-reported allergy identifies shared and allergy-specific susceptibility loci.
Nat Genet	2014-07-13	25017104	Kottyan LC	Genome-wide association analysis of eosinophilic esophagitis provides insight into the tissue specificity of this allergic disease.
Nat Genet	2018-10-08	30297969	Mahajan A	Fine-mapping type 2 diabetes loci to single-variant resolution using high-density imputation and islet-specific epigenome maps.
Nat Genet	2010-10-17	20953186	Huffmeier U	Common variants at TRAF3IP2 are associated with susceptibility to psoriatic arthritis and psoriasis.
Nat Genet	2011-10-23	22019779	Takahashi Y	A genome-wide association study identifies common variants near LBX1 associated with adolescent idiopathic scoliosis.
Nat Genet	2019-01-14	30643255	Kristjansson RP	A loss-of-function variant in ALOX15 protects against nasal polyps and chronic rhinosinusitis.
Nat Genet	2009-05-17	19448623	Ong KK	Genetic variation in LIN28B is associated with the timing of puberty.
Nat Genet	2015-01-12	25581431	Kuchenbaecker KB	Identification of six new susceptibility loci for invasive epithelial ovarian cancer.
Nat Genet	2011-09-18	21926974	Ripke S	Genome-wide association study identifies five new schizophrenia loci.
Nat Genet	2017-07-17	28714974	Klarin D	Genetic analysis in UK Biobank links insulin resistance and transendothelial migration pathways to coronary artery disease.
Nat Genet	2010-09-12	20835238	Thorleifsson G	Common variants near CAV1 and CAV2 are associated with primary open-angle glaucoma.
Nat Genet	2009-04-06	19349984	Esparza-Gordillo J	A common variant on chromosome 11q13 is associated with atopic dermatitis.
Nat Genet	2010-11-14	21076409	Sotoodehnia N	Common variants in 22 loci are associated with QRS duration and cardiac ventricular conduction.
Nat Genet	2014-04-13	24728293	Styrkarsdottir U	Severe osteoarthritis of the hand associates with common variants within the ALDH1A2 gene and with rare variants at 1p31.
Nat Genet	2017-03-06	28263315	Long T	Whole-genome sequencing identifies common-to-rare variants associated with human blood metabolites.
Nat Genet	2008-09-28	18820697	Miyagawa T	Variant between CPT1B and CHKB associated with susceptibility to narcolepsy.
Nat Genet	2017-03-27	28346444	Wright DJ	Genetic variants associated with mosaic Y chromosome loss highlight cell cycle genes and overlap with cancer susceptibility.
Nat Genet	2010-08-08	20694013	Davila S	Genome-wide association study identifies variants in the CFH region associated with host susceptibility to meningococcal disease.
Nat Genet	2011-07-03	21725309	Miki D	Variation in the DEPDC5 locus is associated with progression to hepatocellular carcinoma in chronic hepatitis C virus carriers.
Nat Genet	2010-08-15	20711174	Hor H	Genome-wide association study identifies new HLA class II haplotypes strongly protective against narcolepsy.
Nat Genet	2016-01-11	26752265	Bailey JN	Genome-wide association analysis identifies TXNRD2, ATXN2 and FOXC1 as susceptibility loci for primary open-angle glaucoma.
Nat Genet	2007-04-01	17401363	Yeager M	Genome-wide association study of prostate cancer identifies a second risk locus at 8q24.
Nat Genet	2013-11-17	24241537	Bonnelykke K	A genome-wide association study identifies CDHR3 as a susceptibility locus for early childhood asthma with severe exacerbations.
Nat Genet	2009-09-06	19734902	Harold D	Genome-wide association study identifies variants at CLU and PICALM associated with Alzheimer's disease.
Nat Genet	2019-02-25	30804558	Grove J	Identification of common genetic risk variants for autism spectrum disorder.
Nat Genet	2012-10-28	23104006	Nyholt DR	Genome-wide association meta-analysis identifies new endometriosis risk loci.
Nat Genet	2010-01-10	20062062	Reveille JD	Genome-wide association study of ankylosing spondylitis identifies non-MHC susceptibility loci.
Nat Genet	2010-08-01	20676098	Takata R	Genome-wide association study identifies five new susceptibility loci for prostate cancer in the Japanese population.
Nat Genet	2010-10-17	20953190	Strange A	A genome-wide association study identifies new psoriasis susceptibility loci and an interaction between HLA-C and ERAP1.
Nat Genet	2012-02-12	22327514	Postel-Vinay S	Common variants near TARDBP and EGR2 are associated with susceptibility to Ewing sarcoma.
Nat Genet	2011-03-06	21378988	Coronary Artery Disease (C4D) Genetics Consortium	A genome-wide association study in Europeans and South Asians identifies five new loci for coronary artery disease.
Nat Genet	2019-10-21	31636452	Satizabal CL	Genetic architecture of subcortical brain structures in 38,851 individuals.
Nat Genet	2010-04-11	20383147	Radstake TR	Genome-wide association study of systemic sclerosis identifies CD247 as a new susceptibility locus.
Nat Genet	2009-02-01	19182806	Stefansson H	Variant in the sequence of the LINGO1 gene confers risk of essential tremor.
Nat Genet	2010-09-12	20835236	Hysi PG	A genome-wide association study for myopia and refractive error identifies a susceptibility locus at 15q25.
Nat Genet	2017-06-19	28628107	Jonsson S	Identification of sequence variants influencing immunoglobulin levels.
Nat Genet	2014-07-27	25064007	Nakajima M	A genome-wide association study identifies susceptibility loci for ossification of the posterior longitudinal ligament of the spine.
Nat Genet	2009-05-10	19430483	Newton-Cheh C	Genome-wide association study identifies eight loci associated with blood pressure.
Nat Genet	2011-06-19	21685912	Hoglinger GU	Identification of common variants influencing risk of the tauopathy progressive supranuclear palsy.
Nat Genet	2010-05-09	20453840	Sanna S	Variants within the immunoregulatory CBLB gene are associated with multiple sclerosis.
Nat Genet	2010-02-14	20154673	Van Deerlin VM	Common variants at 7p21 are associated with frontotemporal lobar degeneration with TDP-43 inclusions.
Nat Genet	2010-10-24	20972438	Rothman N	A multi-stage genome-wide association study of bladder cancer identifies multiple susceptibility loci.
Nat Genet	2019-11-01	31676860	Zhao B	Genome-wide association analysis of 19,629 individuals identifies variants influencing regional brain volumes and refines their genetic co-architecture with cognitive and mental health traits.
Nat Genet	2010-03-14	20228799	McGovern DP	Genome-wide association identifies multiple ulcerative colitis susceptibility loci.
Nat Genet	2018-05-21	29785010	Khawaja AP	Genome-wide analyses identify 68 new loci associated with intraocular pressure and improve risk prediction for primary open-angle glaucoma.
Nat Genet	2010-07-11	20622880	Bezzina CR	Genome-wide association study identifies a susceptibility locus at 21q21 for ventricular fibrillation in acute myocardial infarction.
Nat Genet	2010-02-07	20139978	Kamatani Y	Genome-wide association study of hematological and biochemical traits in a Japanese population.
Nat Genet	2009-10-18	19838193	Han JW	Genome-wide association study in a Chinese Han population identifies nine new susceptibility loci for systemic lupus erythematosus.
Nat Genet	2017-09-01	28714976	Sims R	Rare coding variants in PLCG2, ABI3, and TREM2 implicate microglial-mediated innate immunity in Alzheimer's disease.
Nat Genet	2015-06-01	26029870	Ye Z	Common variants at 10p12.31, 10q21.1 and 13q12.13 are associated with sporadic pituitary adenoma.
Nat Genet	2020-04-27	32341527	Landi MT	Genome-wide association meta-analyses combining multiple risk phenotypes provide insights into the genetic architecture of cutaneous melanoma susceptibility.
Nat Genet	2012-09-02	22941190	Holliday EG	Common variants at 6p21.1 are associated with large artery atherosclerotic stroke.
Nat Genet	2008-01-13	18193046	Kooner JS	Genome-wide scan identifies variation in MLXIPL associated with plasma triglycerides.
Nat Genet	2009-01-25	19169254	Nair RP	Genome-wide scan reveals association of psoriasis with IL-23 and NF-kappaB pathways.
Nat Genet	2010-10-24	20972440	Houlston RS	Meta-analysis of three genome-wide association studies identifies susceptibility loci for colorectal cancer at 1q41, 3q26.2, 12q13.13 and 20q13.33.
Nat Genet	2010-08-15	20711177	Hamza TH	Common genetic variation in the HLA region is associated with late-onset sporadic Parkinson's disease.
Nat Genet	2009-05-15	19448619	Stolk L	Loci at chromosomes 13, 19 and 20 influence age at natural menopause.
Nat Genet	2007-04-01	17401366	Gudmundsson J	Genome-wide association study identifies a second prostate cancer susceptibility variant at 8q24.
Nat Genet	2010-05-09	20453838	Turnbull C	Genome-wide association study identifies five new breast cancer susceptibility loci.
Nat Genet	2009-11-15	19915575	Simon-Sanchez J	Genome-wide association study reveals genetic risk underlying Parkinson's disease.
Nat Genet	2011-12-25	22197929	Yu XQ	A genome-wide association study in Han Chinese identifies multiple susceptibility loci for IgA nephropathy.
Nat Genet	2013-04-07	23563609	Wheeler E	Genome-wide SNP and CNV analysis identifies common and low-frequency variants associated with severe early-onset obesity.
Nat Genet	2011-07-31	21804548	Hirota T	Genome-wide association study identifies three new susceptibility loci for adult asthma in the Japanese population.
Nat Genet	2010-08-22	20729853	Wang LD	Genome-wide association study of esophageal squamous cell carcinoma in Chinese subjects identifies susceptibility loci at PLCE1 and C20orf54.
Nat Genet	2014-04-28	24777453	Auer PL	Rare and low-frequency coding variants in CXCR2 and other genes are associated with hematological traits.
Nat Genet	2020-06-15	32541925	Vujkovic M	Discovery of 318 new risk loci for type 2 diabetes and related vascular outcomes among 1.4 million participants in a multi-ancestry meta-analysis.
Nat Genet	2014-09-14	25217962	Heap GA	HLA-DQA1-HLA-DRB1 variants confer susceptibility to pancreatitis induced by thiopurine immunosuppressants.
Nat Genet	2009-05-17	19448621	He C	Genome-wide association studies identify loci associated with age at menarche and age at natural menopause.
Nat Genet	2013-06-23	23793025	Anttila V	Genome-wide meta-analysis identifies new susceptibility loci for migraine.
Nat Genet	2010-02-21	20173748	Cho MH	Variants in FAM13A are associated with chronic obstructive pulmonary disease.
Nat Genet	2009-05-03	19412175	Capasso M	Common variations in BARD1 influence susceptibility to high-risk neuroblastoma.
Nat Genet	2018-11-26	30478444	Demontis D	Discovery of the first genome-wide significant risk loci for attention deficit/hyperactivity disorder.
Nat Genet	2013-04-14	23583980	Fingerlin TE	Genome-wide association study identifies multiple susceptibility loci for pulmonary fibrosis.
Nat Genet	2009-12-13	20010834	Repapi E	Genome-wide association study identifies five loci associated with lung function.
Nat Genet	2013-11-01	24097067	Lessard CJ	Variants at multiple loci implicated in both innate and adaptive immune responses are associated with Sjögren's syndrome.
Nat Genet	2010-04-04	20364137	Yasuno K	Genome-wide association study of intracranial aneurysm identifies three new risk loci.
Nat Genet	2013-04-01	23535732	Eeles RA	Identification of 23 new prostate cancer susceptibility loci using the iCOGS custom genotyping array.
Nat Genet	2012-11-11	23143601	Lan Q	Genome-wide association analysis identifies new lung cancer susceptibility loci in never-smoking women in Asia.
Nat Genet	2013-05-12	23666238	Kou I	Genetic variants in GPR126 are associated with adolescent idiopathic scoliosis.
Nat Genet	2007-10-14	17934461	Broderick P	A genome-wide association study shows that common alleles of SMAD7 influence colorectal cancer risk.
Nat Genet	2008-05-18	18488028	Sulem P	Two newly identified genetic determinants of pigmentation in Europeans.
Nat Genet	2012-11-11	23143602	Whitcomb DC	Common genetic variants in the CLDN2 and PRSS1-PRSS2 loci alter risk for alcohol-related and sporadic pancreatitis.
Nat Genet	2019-07-15	31308545	Watson HJ	Genome-wide association study identifies eight risk loci and implicates metabo-psychiatric origins for anorexia nervosa.
PLoS Genet	2011-04-21	21533022	Duncan EL	Genome-wide association study using extreme truncate selection identifies novel genes affecting bone mineral density and fracture risk.
PLoS Genet	2017-05-18	28545128	McDaniel LD	Common variants upstream of MLF1 at 3q25 and within CPZ at 4p16 associated with neuroblastoma.
PLoS Genet	2013-03-27	23544013	Couch FJ	Genome-wide association study in BRCA1 mutation carriers identifies novel loci associated with breast and ovarian cancer risk.
PLoS Genet	2017-02-10	28187132	Kiryluk K	GWAS for serum galactose-deficient IgA1 implicates critical genes of the O-glycosylation pathway.
PLoS Genet	2010-06-24	20585627	Eriksson N	Web-based, participant-driven studies yield novel genetic associations for common traits.
PLoS Genet	2009-02-06	19197348	Lowe JK	Genome-wide association studies in an isolated founder population from the Pacific Island of Kosrae.
PLoS Genet	2020-05-14	32407400	Tekola-Ayele F	Trans-ethnic meta-analysis of genome-wide association studies identifies maternal ITPR1 as a novel locus influencing fetal growth during sensitive periods in pregnancy.
PLoS Genet	2010-10-28	21060860	Gaudet MM	Common genetic variants and modification of penetrance of BRCA2-associated breast cancer.
PLoS Genet	2011-08-18	21876681	Hamza TH	Genome-wide gene-environment study identifies glutamate receptor gene GRIN2A as a Parkinson's disease modifier gene via interaction with coffee.
PLoS Genet	2009-06-05	19503597	Kolz M	Meta-analysis of 28,141 individuals identifies common variants within five new loci that influence uric acid concentrations.
PLoS Genet	2012-06-07	22685421	Fan Q	Genetic variants on chromosome 1q41 influence ocular axial length and high myopia.
PLoS Genet	2019-12-12	31830031	Chernus JM	A candidate gene analysis and GWAS for genes associated with maternal nondisjunction of chromosome 21.
PLoS Genet	2011-06-30	21738479	Reiner AP	Genome-wide association study of white blood cell count in 16,388 African Americans: the continental origins and genetic epidemiology network (COGENT).
PLoS Genet	2008-05-16	18483556	Han J	A genome-wide association study identifies novel alleles associated with hair color and skin pigmentation.
PLoS Genet	2011-06-30	21738478	Okada Y	Identification of nine novel loci associated with white blood cell subtypes in a Japanese population.
PLoS Genet	2011-07-07	21750679	Allanore Y	Genome-wide scan identifies TNIP1, PSORS1C1, and RHOB as novel risk loci for systemic sclerosis.
PLoS Genet	2010-04-29	20442857	Suchindran S	Genome-wide association study of Lp-PLA(2) activity and mass in the Framingham Heart Study.
PLoS Genet	2012-05-10	22589742	Fox CS	Genome-wide association of pericardial fat identifies a unique locus for ectopic fat.
PLoS Genet	2012-07-05	22792071	Zheng HF	WNT16 influences bone mineral density, cortical bone thickness, bone strength, and osteoporotic fracture risk.
PLoS Genet	2017-04-28	28453575	Hodonsky CJ	Genome-wide association study of red blood cell traits in Hispanics/Latinos: The Hispanic Community Health Study/Study of Latinos.
PLoS Genet	2010-02-19	20174558	Tsai FJ	A genome-wide association study identifies susceptibility variants for type 2 diabetes in Han Chinese.
PLoS Genet	2020-10-26	33104735	Lundtoft C	Function of multiple sclerosis-protective HLA class I alleles revealed by genome-wide protein-quantitative trait loci mapping of interferon signalling.
PLoS Genet	2013-02-07	23408906	Porcu E	A meta-analysis of thyroid-related traits reveals novel loci and gender-specific differences in the regulation of thyroid function.
PLoS Genet	2011-10-06	21998597	Ohlsson C	Genetic determinants of serum testosterone concentrations in men.
PLoS Genet	2018-04-05	29621232	Spracklen CN	Identification and functional analysis of glycemic trait loci in the China Health and Nutrition Survey.
PLoS Genet	2010-02-12	20169177	Yang W	Genome-wide association study in Asian populations identifies variants in ETS1 and WDFY4 associated with systemic lupus erythematosus.
PLoS Genet	2011-08-04	21829393	Plagnol V	Genome-wide association analysis of autoantibody positivity in type 1 diabetes cases.
PLoS Genet	2017-04-21	28430825	Ng MCY	Discovery and fine-mapping of adiposity loci using high density imputation of genome-wide association studies in individuals of African ancestry: African Ancestry Anthropometry Genetics Consortium.
PLoS Genet	2011-04-21	21533074	Smedby KE	GWAS of follicular lymphoma reveals allelic heterogeneity at 6p21.32 and suggests shared genetic susceptibility with diffuse large B-cell lymphoma.
PLoS Genet	2020-06-30	32603359	Ferreira MAR	Age-of-onset information helps identify 76 genetic variants associated with allergic disease.
PLoS Genet	2010-06-24	20585626	Long J	Identification of a functional genetic variant at 16q12.1 for breast cancer risk: results from the Asia Breast Cancer Consortium.
PLoS Genet	2017-05-12	28498854	Liang J	Single-trait and multi-trait genome-wide association analyses identify novel loci for blood pressure in African-ancestry populations.
PLoS Genet	2012-07-05	22792082	Himes BE	Genome-wide association analysis in asthma subjects identifies SPATS2L as a novel bronchodilator response gene.
PLoS Genet	2014-10-23	25340798	Kauwe JS	Genome-wide association study of CSF levels of 59 alzheimer's disease candidate proteins: significant associations with proteins involved in amyloid processing and inflammation.
PLoS Genet	2016-06-30	27362418	Zhang H	A Powerful Procedure for Pathway-Based Meta-analysis Using Summary Statistics Identifies 43 Pathways Associated with Type II Diabetes in European Populations.
PLoS Genet	2009-04-03	19343178	Soranzo N	Meta-analysis of genome-wide scans for human adult stature identifies novel Loci and associations with measures of skeletal frame size.
PLoS Genet	2010-07-22	20661308	Kapur K	Genome-wide meta-analysis for serum calcium identifies significantly associated SNPs near the calcium-sensing receptor (CASR) gene.
PLoS Genet	2012-12-20	23284291	Hancock DB	Genome-wide joint meta-analysis of SNP and SNP-by-smoking interaction identifies novel loci for pulmonary function.
PLoS Genet	2011-09-08	21931568	Geller F	Genome-wide association study identifies four loci associated with eruption of permanent teeth.
PLoS Genet	2018-09-27	30261039	Suri P	Genome-wide meta-analysis of 158,000 individuals of European ancestry identifies three loci associated with chronic back pain.
PLoS Genet	2018-05-11	29750799	Chao MJ	Population-specific genetic modification of Huntington's disease in Venezuela.
PLoS Genet	2010-06-10	20548944	Hsu YH	An integration of genome-wide association study and gene expression profiling to prioritize the discovery of novel susceptibility Loci for osteoporosis-related traits.
PLoS Genet	2009-08-28	19714205	Hancock DB	Genome-wide association study implicates chromosome 9q21.31 as a susceptibility locus for asthma in mexican children.
PLoS Genet	2012-10-18	23093944	Krumsiek J	Mining the unknown: a systems approach to metabolite identification combining genetic and metabolic information.
PLoS Genet	2013-01-10	23326239	Rubicz R	A genome-wide integrative genomic study localizes genetic factors influencing antibodies against Epstein-Barr virus nuclear antigen 1 (EBNA-1).
PLoS Genet	2010-05-13	20485516	Lu Y	Common genetic variants near the Brittle Cornea Syndrome locus ZNF469 influence the blinding disease risk factor central corneal thickness.
PLoS Genet	2017-10-30	29084231	Davis JP	Common, low-frequency, and rare genetic variants associated with lipoprotein subclasses and triglyceride measures in Finnish men from the METSIM study.
PLoS Genet	2013-08-22	23990791	Thun GA	Causal and synthetic associations of variants in the SERPINA gene cluster with alpha1-antitrypsin serum levels.
PLoS Genet	2009-07-17	19609347	Adeyemo A	A genome-wide association study of hypertension and blood pressure in African Americans.
PLoS Genet	2021-03-05	33667223	Lesseur C	Genome-wide association meta-analysis identifies pleiotropic risk loci for aerodigestive squamous cell cancers.
PLoS Genet	2013-03-28	23555300	Cui J	Genome-wide association study and gene expression analysis identifies CD84 as a predictor of response to etanercept therapy in rheumatoid arthritis.
PLoS Genet	2010-07-29	20686651	Gudbjartsson DF	Association of variants at UMOD with chronic kidney disease and kidney stones-role of age and comorbid diseases.
PLoS Genet	2014-08-07	25102180	Ng MC	Meta-analysis of genome-wide association studies in African Americans provides insights into the genetic architecture of type 2 diabetes.
PLoS Genet	2009-06-26	19557161	Lindgren CM	Genome-wide association scan meta-analysis identifies three Loci influencing adiposity and fat distribution.
PLoS Genet	2012-09-13	23028341	Yang X	Genome-wide association study for serum complement C3 and C4 levels in healthy Chinese subjects.
PLoS Genet	2012-05-10	22589738	Fox CS	Genome-wide association for abdominal subcutaneous and visceral adipose reveals a novel locus for visceral fat in women.
PLoS Genet	2016-10-10	27723779	Gong J	Genome-Wide Interaction Analyses between Genetic Variants and Alcohol Consumption and Smoking for Risk of Colorectal Cancer.
PLoS Genet	2014-06-19	24945404	Kemp JP	Phenotypic dissection of bone mineral density reveals skeletal site specificity and facilitates the identification of novel loci in the genetic regulation of bone mass attainment.
PLoS Genet	2014-07-10	25010111	Bolton JL	Genome wide association identifies common variants at the SERPINA6/SERPINA1 locus influencing plasma cortisol and corticosteroid binding globulin.
PLoS Genet	2012-05-03	22570627	van Koolwijk LM	Common genetic determinants of intraocular pressure and primary open-angle glaucoma.
PLoS Genet	2011-07-01	21738480	Nalls MA	Multiple loci are associated with white blood cell phenotypes.
PLoS Genet	2009-01-16	19148276	Tanaka T	Genome-wide association study of plasma polyunsaturated fatty acids in the InCHIANTI Study.
PLoS Genet	2016-09-13	27623284	Verma SS	Epistatic Gene-Based Interaction Analyses for Glaucoma in eMERGE and NEIGHBOR Consortium.
PLoS Genet	2018-10-05	30289880	Qi G	Heritability informed power optimization (HIPO) leads to enhanced detection of genetic associations across multiple traits.
PLoS Genet	2009-06-26	19557197	Heard-Costa NL	NRXN3 is a novel locus for waist circumference: a genome-wide association study from the CHARGE Consortium.
PLoS Genet	2020-10-19	33075057	Li X	Automated feature extraction from population wearable device data identified novel loci associated with sleep and circadian rhythms.
PLoS Genet	2018-05-21	29782485	Rueger S	Evaluation and application of summary statistic imputation to discover new height-associated loci.
PLoS Genet	2014-03-13	24625756	Yu B	Genetic determinants influencing human serum metabolome among African Americans.
PLoS Genet	2009-12-05	20011104	Richards JB	A genome-wide association study reveals variants in ARL15 that influence adiponectin levels.
PLoS Genet	2012-05-31	22693459	Li R	Six novel susceptibility Loci for early-onset androgenetic alopecia and their unexpected association with common diseases.
PLoS Genet	2010-09-09	20838585	Smith EN	Longitudinal genome-wide association of cardiovascular disease risk factors in the Bogalusa heart study.
PLoS Genet	2018-09-24	30248107	Wu S	Genome-wide association studies and CRISPR/Cas9-mediated gene editing identify regulatory variants influencing eyebrow thickness in humans.
PLoS Genet	2014-12-18	25521368	Tonjes A	Genome wide meta-analysis highlights the role of genetic variation in RARRES2 in the regulation of circulating serum chemerin.
PLoS Genet	2020-11-23	33227023	Wang Y	Genome-wide association study identifies 16 genomic regions associated with circulating cytokines at birth.
PLoS Genet	2010-01-08	20066028	Igl W	Modeling of environmental effects in genome-wide association studies identifies SLC2A2 and HP as novel loci influencing serum cholesterol levels.
PLoS Genet	2012-04-26	22570617	Wiggs JL	Common variants at 9p21 and 8q22 are associated with increased susceptibility to optic nerve degeneration in glaucoma.
PLoS Genet	2009-03-20	19300482	Pillai SG	A genome-wide association study in chronic obstructive pulmonary disease (COPD): identification of two major susceptibility loci.
PLoS Genet	2020-03-30	32226016	Hu Y	Minority-centric meta-analyses of blood lipid levels identify novel loci in the Population Architecture using Genomics and Epidemiology (PAGE) study.
PLoS Genet	2013-08-15	23966867	Liu CT	Genome-wide association of body fat distribution in African ancestry populations suggests new loci.
PLoS Genet	2021-04-08	33830993	Johnston KJA	Sex-stratified genome-wide association study of multisite chronic pain in UK Biobank.
PLoS Genet	2011-08-04	21829389	Barbalic M	Genome-wide association analysis of incident coronary heart disease (CHD) in African Americans: a short report.
PLoS Genet	2012-09-13	23028356	Myouzen K	Functional variants in NFKBIE and RTKN2 involved in activation of the NF-κB pathway are associated with rheumatoid arthritis in Japanese.
PLoS Genet	2012-08-16	22916037	Inouye M	Novel Loci for metabolic networks and multi-tissue expression studies reveal genes for atherosclerosis.
PLoS Genet	2011-10-20	22028671	Surakka I	A genome-wide screen for interactions reveals a new locus on 4p15 modifying the effect of waist-to-hip ratio on total cholesterol.
PLoS Genet	2015-03-12	25763902	Draaken M	Genome-wide association study and meta-analysis identify ISL1 as genome-wide significant susceptibility gene for bladder exstrophy.
PLoS Genet	2012-05-31	22693455	Perry JR	Stratifying type 2 diabetes cases by BMI identifies genetic risk variants in LAMA1 and enrichment for risk variants in lean compared to obese cases.
PLoS Genet	2011-03-10	21423719	Speliotes EK	Genome-wide association analysis identifies variants associated with nonalcoholic fatty liver disease that have distinct effects on metabolic traits.
PLoS Genet	2012-02-16	22359512	Demirkan A	Genome-wide association study identifies novel loci associated with circulating phospho- and sphingolipid concentrations.
PLoS Genet	2019-10-09	31596850	Turchin MC	Bayesian multivariate reanalysis of large genetic studies identifies many new associations.
PLoS Genet	2012-02-23	22383897	Long J	Genome-wide association study in east Asians identifies novel susceptibility loci for breast cancer.
PLoS Genet	2017-09-15	28915241	Ahsan M	The relative contribution of DNA methylation and genetic variants on protein biomarkers for human diseases.
PLoS Genet	2011-02-10	21347284	Smith JG	Genome-wide association studies of the PR interval in African Americans.
PLoS Genet	2021-02-18	33600456	Batai K	Genetic loci associated with skin pigmentation in African Americans and their effects on vitamin D deficiency.
PLoS Genet	2012-01-26	22291609	Naitza S	A genome-wide association scan on the levels of markers of inflammation in Sardinians reveals associations that underpin its complex regulation.
PLoS Genet	2019-10-14	31609978	Huang L	Genetic factors define CPO and CLO subtypes of nonsyndromicorofacial cleft.
PLoS Genet	2008-11-28	19043545	Gieger C	Genetics meets metabolomics: a genome-wide association study of metabolite profiles in human serum.
PLoS Genet	2007-03-05	17447842	Libioulle C	Novel Crohn disease locus identified by genome-wide association maps to a gene desert on 5p13.1 and modulates expression of PTGER4.
PLoS Genet	2021-03-24	33760818	Francis M	Genome-wide association study of fish oil supplementation on lipid traits in 81,246 individuals reveals new gene-diet interaction loci.
PLoS Genet	2011-02-10	21347282	Lettre G	Genome-wide association study of coronary heart disease and its risk factors in 8,090 African Americans: the NHLBI CARe Project.
PLoS Genet	2009-09-25	19779542	Nakanishi H	A genome-wide association analysis identified a novel susceptible locus for pathological myopia at 11q24.1.
